time,date,close,high,low,open,volumefrom,volumeto,conversionType,conversionSymbol
1651881600,2022-05-07 00:00:00,76.8,77.47,76.7,77.35,44854.56,3453875,direct,
1651885200,2022-05-07 01:00:00,76.41,77.24,76.01,76.8,50637.94,3872487.71,direct,
1651888800,2022-05-07 02:00:00,76.49,76.95,76.35,76.41,23691.02,1814807.69,direct,
1651892400,2022-05-07 03:00:00,75.49,76.68,75.23,76.49,28056.65,2129617.76,direct,
1651896000,2022-05-07 04:00:00,72.83,75.55,72.83,75.49,105897.26,7811094.32,direct,
1651899600,2022-05-07 05:00:00,73.66,73.77,72.69,72.83,43564.85,3184624.54,direct,
1651903200,2022-05-07 06:00:00,72.31,73.77,72.2,73.66,41286.91,3008578.67,direct,
1651906800,2022-05-07 07:00:00,73.12,73.29,72.13,72.31,44631.55,3245829.49,direct,
1651910400,2022-05-07 08:00:00,73.49,73.75,72.87,73.12,33056.74,2422742.1,direct,
1651914000,2022-05-07 09:00:00,73.35,73.78,73.1,73.49,20334.15,1492590.72,direct,
1651917600,2022-05-07 10:00:00,73.92,74.2,73.13,73.35,30277.24,2232898.11,direct,
1651921200,2022-05-07 11:00:00,73.85,74.39,73.52,73.92,33316.7,2463315.89,direct,
1651924800,2022-05-07 12:00:00,73.47,73.88,73.26,73.85,20421.56,1502424.29,direct,
1651928400,2022-05-07 13:00:00,73.03,73.61,72.57,73.47,36077.56,2629534.73,direct,
1651932000,2022-05-07 14:00:00,73.08,73.46,72.86,73.03,19649.09,1437930.89,direct,
1651935600,2022-05-07 15:00:00,73.47,73.61,73.01,73.08,22173.98,1625940.59,direct,
1651939200,2022-05-07 16:00:00,73.23,73.56,72.71,73.47,17984.71,1314862.23,direct,
1651942800,2022-05-07 17:00:00,72.59,73.26,72.5,73.23,20558.19,1498812.75,direct,
1651946400,2022-05-07 18:00:00,72.61,73.13,72.14,72.59,23994.21,1741854.33,direct,
1651950000,2022-05-07 19:00:00,72.43,72.87,72.36,72.61,15760.45,1144815.91,direct,
1651953600,2022-05-07 20:00:00,70.68,72.43,70.41,72.43,80518.23,5739417.67,direct,
1651957200,2022-05-07 21:00:00,66.37,70.69,66.28,70.68,132350.63,9172655.89,direct,
1651960800,2022-05-07 22:00:00,65.23,68.41,63.2,66.37,216009.04,14211266.86,direct,
1651964400,2022-05-07 23:00:00,68.07,70.64,64.84,65.23,224945.18,15446786.39,direct,
1651968000,2022-05-08 00:00:00,65.5,68.48,65.37,68.07,115778.41,7807033.17,direct,
1651971600,2022-05-08 01:00:00,63.67,66.17,63.26,65.5,157650.93,10191439.9,direct,
1651975200,2022-05-08 02:00:00,65.12,65.15,61.71,63.67,280267.42,17740134.85,direct,
1651978800,2022-05-08 03:00:00,65.65,68.31,63.56,65.12,135321.65,8831081.98,direct,
1651982400,2022-05-08 04:00:00,65.18,66.44,64.95,65.65,69936.47,4597417.38,direct,
1651986000,2022-05-08 05:00:00,65.03,65.65,64.81,65.18,48660.43,3173394.11,direct,
1651989600,2022-05-08 06:00:00,65.11,65.94,64.9,65.14,177474.38,11554581.82,multiply,BTC
1651993200,2022-05-08 07:00:00,64.19,65.39,64.19,65.07,50108.31,3248866.1,direct,
1651996800,2022-05-08 08:00:00,64.02,64.74,63.69,64.19,41623.17,2670080.25,direct,
1652000400,2022-05-08 09:00:00,62.75,64.26,62.53,64.02,62095.88,3920272.85,direct,
1652004000,2022-05-08 10:00:00,63.59,64.2,62.64,62.75,90200.74,5728064.52,direct,
1652007600,2022-05-08 11:00:00,63.26,64.36,62.83,63.59,67202.29,4276532.02,direct,
1652011200,2022-05-08 12:00:00,60.26,63.66,60.17,63.26,156399.72,9637197.74,direct,
1652014800,2022-05-08 13:00:00,60.68,62.29,59.46,60.26,208567.59,12670654.64,direct,
1652018400,2022-05-08 14:00:00,64.68,65.24,60.54,60.68,307810.95,19554340.39,direct,
1652022000,2022-05-08 15:00:00,64.81,66.56,64.4,64.68,168827.81,11044376.94,direct,
1652025600,2022-05-08 16:00:00,64.67,66.66,64.67,64.81,129196.34,8498639.97,direct,
1652029200,2022-05-08 17:00:00,66.07,66.31,62.79,64.67,209203.13,13437718.95,direct,
1652032800,2022-05-08 18:00:00,67.02,67.9,64.87,66.07,169043.2,11282011.02,direct,
1652036400,2022-05-08 19:00:00,66.45,67.25,66.16,67.02,75431.72,5024729.33,direct,
1652040000,2022-05-08 20:00:00,65.76,66.61,65.4,66.45,81534.61,5370081.97,direct,
1652043600,2022-05-08 21:00:00,66.81,66.81,65.75,65.76,39601.35,2628983.77,direct,
1652047200,2022-05-08 22:00:00,64.93,66.9,64.77,66.81,81954.87,5356064.59,direct,
1652050800,2022-05-08 23:00:00,64.29,64.95,63.45,64.93,54751.1,3507146.68,direct,
1652054400,2022-05-09 00:00:00,64.36,65.29,63.47,64.29,62732.4,4038842.78,direct,
1652058000,2022-05-09 01:00:00,62.61,64.56,62.57,64.36,48382.79,3075780.54,direct,
1652061600,2022-05-09 02:00:00,60.71,62.67,60.02,62.61,154814.03,9465047.06,direct,
1652065200,2022-05-09 03:00:00,61.2,61.99,60.45,60.71,208858.23,12777613.49,direct,
1652068800,2022-05-09 04:00:00,62.8,63.94,61.2,61.2,77588.44,4888336.37,direct,
1652072400,2022-05-09 05:00:00,61.62,63.29,61.47,62.8,62771.6,3921916.7,direct,
1652076000,2022-05-09 06:00:00,61.94,62.21,60.72,61.62,71951.07,4421576.98,direct,
1652079600,2022-05-09 07:00:00,60.86,62.58,60.59,61.94,86623.53,5321078.89,direct,
1652083200,2022-05-09 08:00:00,61.97,61.99,60.07,60.86,70947.77,4329738.59,direct,
1652086800,2022-05-09 09:00:00,61.26,62.19,61.01,61.97,52450.06,3223648.43,direct,
1652090400,2022-05-09 10:00:00,60.65,61.46,59.26,61.26,250607.82,15058202.85,direct,
1652094000,2022-05-09 11:00:00,59.57,61.39,59.57,60.42,212990.7,12687051.16,multiply,BTC
1652097600,2022-05-09 12:00:00,59.27,60.2,58.47,59.42,135718.72,8034161.77,direct,
1652101200,2022-05-09 13:00:00,60.14,61.61,58.66,59.27,126317.96,7591114.82,direct,
1652104800,2022-05-09 14:00:00,58.79,59.5,58.43,60.19,137788.84,8100124.86,multiply,BTC
1652108400,2022-05-09 15:00:00,57.43,59.4,56.64,58.79,302171.31,17535901.59,direct,
1652112000,2022-05-09 16:00:00,53.76,57.52,52.45,57.43,451400.18,25018844.58,direct,
1652115600,2022-05-09 17:00:00,51.48,53.97,51.4,53.76,280597.39,14844738.2,direct,
1652119200,2022-05-09 18:00:00,46.89,51.93,43.61,51.48,1123663,52906492.23,direct,
1652122800,2022-05-09 19:00:00,46.96,48.47,44.3,46.89,460888.33,21321617.15,direct,
1652126400,2022-05-09 20:00:00,48.53,52.08,46.96,46.96,569622.28,28251993.96,direct,
1652130000,2022-05-09 21:00:00,41.8,48.97,41.23,48.53,440770.56,19989036.86,direct,
1652133600,2022-05-09 22:00:00,41.46,46.76,39.25,41.8,937223.83,39927121.11,direct,
1652137200,2022-05-09 23:00:00,30.19,42.46,29.73,41.46,1294705.23,46373102.32,direct,
1652140800,2022-05-10 00:00:00,37.78,38.49,26.05,30.19,2108443.82,67456066.06,direct,
1652144400,2022-05-10 01:00:00,34.6,39.63,31.59,37.78,1146207.86,40598806.53,direct,
1652148000,2022-05-10 02:00:00,30.93,36.29,30.64,34.6,741067.88,24518031.63,direct,
1652151600,2022-05-10 03:00:00,25.17,31.04,25.09,30.93,1133105.82,32130721.49,direct,
1652155200,2022-05-10 04:00:00,29.74,30.29,23.29,25.17,1205921.49,32008106.22,direct,
1652158800,2022-05-10 05:00:00,32.58,33.17,27.55,29.74,750682.09,22671090.23,direct,
1652162400,2022-05-10 06:00:00,34.45,36.88,31.98,32.58,814982.95,28368921.34,direct,
1652166000,2022-05-10 07:00:00,30.88,35.33,30.4,34.45,447896.95,14458323.94,direct,
1652169600,2022-05-10 08:00:00,31.62,33.87,30.58,30.88,532200.33,17254258.03,direct,
1652173200,2022-05-10 09:00:00,28.88,32.58,28.53,31.62,481007.21,14483059.35,direct,
1652176800,2022-05-10 10:00:00,29.04,30.33,28.19,28.88,721724.04,21211486.62,direct,
1652180400,2022-05-10 11:00:00,32.43,33.31,28.96,29.04,1009449.51,31693535.9,direct,
1652184000,2022-05-10 12:00:00,33.43,34.41,31.58,32.43,597528.18,19707359.4,direct,
1652187600,2022-05-10 13:00:00,31.6,34.45,30.81,33.43,578056.8,18766130.16,direct,
1652191200,2022-05-10 14:00:00,29.21,32.89,28.45,31.6,541456.46,16411564.46,direct,
1652194800,2022-05-10 15:00:00,31.39,32.95,27.6,29.21,1438137.08,43098630.59,direct,
1652198400,2022-05-10 16:00:00,29.95,32.38,29.61,31.39,1017066.09,31214176.23,direct,
1652202000,2022-05-10 17:00:00,30.92,32.02,29.63,29.95,969414.45,29903147.51,direct,
1652205600,2022-05-10 18:00:00,27.9,31.01,27.88,30.92,835885.31,24650542.27,direct,
1652209200,2022-05-10 19:00:00,24.75,28.2,23.63,27.9,1701184.96,42958957.41,direct,
1652212800,2022-05-10 20:00:00,22.57,25.01,22.1,24.75,1124112.53,26781365.51,direct,
1652216400,2022-05-10 21:00:00,15.32,23.08,14.53,22.57,1955546.95,35599618.11,direct,
1652220000,2022-05-10 22:00:00,15.28,18.49,13.19,15.32,3350643.19,51524498.36,direct,
1652223600,2022-05-10 23:00:00,17.32,18.16,14.67,15.28,2928016,49177535.11,direct,
1652227200,2022-05-11 00:00:00,16.8,19.5,16.42,17.32,2010860.14,36187523.53,direct,
1652230800,2022-05-11 01:00:00,14.37,17.07,14.02,16.8,2175326.87,34071580.25,direct,
1652234400,2022-05-11 02:00:00,15.28,15.89,12.77,14.37,3239430.86,47453738.56,direct,
1652238000,2022-05-11 03:00:00,13.45,15.78,13.05,15.28,3479432.68,47866263.29,direct,
1652241600,2022-05-11 04:00:00,10.39,13.99,10.25,13.45,5484665.27,64145016.52,direct,
1652245200,2022-05-11 05:00:00,9.135,12.35,8.609,10.39,7238823.37,72113114.68,direct,
1652248800,2022-05-11 06:00:00,5.762,9.428,5.646,9.135,12199785.2,90825968.26,direct,
1652252400,2022-05-11 07:00:00,4.359,6.674,3.326,5.762,19704906.94,88626951.35,direct,
1652256000,2022-05-11 08:00:00,4.92,6.347,4.251,4.359,16897291.58,83200070.35,direct,
1652259600,2022-05-11 09:00:00,3.853,4.92,3.232,4.92,15188074.48,59039036.58,direct,
1652263200,2022-05-11 10:00:00,2.253,4.587,2.086,3.853,29114881.6,84756251.8,direct,
1652266800,2022-05-11 11:00:00,1.399,2.33,1.342,2.253,26325870.94,43938780.48,direct,
1652270400,2022-05-11 12:00:00,0.6182,1.522,0.5967,1.399,35703474.14,36530195.92,direct,
1652274000,2022-05-11 13:00:00,2.31,2.682,0.5812,0.6182,65194090.77,95780712.26,direct,
1652277600,2022-05-11 14:00:00,3.193,5.864,2.31,2.31,44981021.84,150369631.79,direct,
1652281200,2022-05-11 15:00:00,2.314,3.242,1.882,3.193,45388917.22,107252606.78,direct,
1652284800,2022-05-11 16:00:00,2.236,2.598,1.952,2.314,29965844.35,66285554.95,direct,
1652288400,2022-05-11 17:00:00,1.773,2.31,1.458,2.236,30128077.48,55450413.44,direct,
1652292000,2022-05-11 18:00:00,1.326,1.85,1.206,1.773,23403083.87,36243974.46,direct,
1652295600,2022-05-11 19:00:00,1.194,1.367,1.039,1.326,45112689.73,53005936.15,direct,
1652299200,2022-05-11 20:00:00,1.022,1.345,0.9736,1.194,29447559.77,32729159.59,direct,
1652302800,2022-05-11 21:00:00,1.073,1.18,0.9493,1.022,34170021.12,35330879.84,direct,
1652306400,2022-05-11 22:00:00,1.072,1.485,0.9872,1.073,38072725.51,44356227.11,direct,
1652310000,2022-05-11 23:00:00,1.07,1.14,0.9843,1.072,26049196.51,27272371.66,direct,
1652313600,2022-05-12 00:00:00,1.103,1.351,1.03,1.07,35381544.01,39695455.96,direct,
1652317200,2022-05-12 01:00:00,0.8252,1.212,0.8252,1.103,24221361.11,25162034.39,direct,
1652320800,2022-05-12 02:00:00,0.5413,0.8702,0.5235,0.8252,70134681.45,46545395.33,direct,
1652324400,2022-05-12 03:00:00,0.3723,0.5415,0.3335,0.5413,102559883.85,42371038.25,direct,
1652328000,2022-05-12 04:00:00,0.271,0.4019,0.2441,0.3723,85804690.2,28293031.42,direct,
1652331600,2022-05-12 05:00:00,0.2732,0.3824,0.2021,0.271,95084228.26,24896314.42,direct,
1652335200,2022-05-12 06:00:00,0.1431,0.2732,0.1416,0.2732,123106147.66,24889409.47,direct,
1652338800,2022-05-12 07:00:00,0.1292,0.179,0.1089,0.1431,209707371.79,27380014.9,direct,
1652342400,2022-05-12 08:00:00,0.0665,0.1388,0.06455,0.1292,191126953.2,19027975.96,direct,
1652346000,2022-05-12 09:00:00,0.02068,0.06799,0.02003,0.0665,511412986.4,17412496.62,direct,
1652349600,2022-05-12 10:00:00,0.03863,0.05536,0.01329,0.02068,637131587.84,18893665.16,direct,
1652353200,2022-05-12 11:00:00,0.0267,0.07476,0.02629,0.03863,496779196.04,24221241.26,direct,
1652356800,2022-05-12 12:00:00,0.02043,0.0319,0.01854,0.0267,696788429.89,17268180.17,direct,
1652360400,2022-05-12 13:00:00,0.011,0.02622,0.01056,0.02043,941110207.33,13597353.81,direct,
1652364000,2022-05-12 14:00:00,0.003925,0.01818,0.003138,0.011,1531539336.01,9215975.08,direct,
1652367600,2022-05-12 15:00:00,0.003744,0.006874,0.003224,0.003925,2158425477.7,9792008.06,direct,
1652371200,2022-05-12 16:00:00,0.00948,0.01757,0.003599,0.003744,2565191222.33,23641043.45,direct,
1652374800,2022-05-12 17:00:00,0.0115,0.01241,0.007616,0.00948,947521635.75,9079023.72,direct,
1652378400,2022-05-12 18:00:00,0.01014,0.01348,0.00874,0.0115,778033815.41,7496668.8,direct,
1652382000,2022-05-12 19:00:00,0.01936,0.02194,0.00981,0.01014,833183437.38,11202928.44,direct,
1652385600,2022-05-12 20:00:00,0.01512,0.02692,0.01392,0.01936,1494015169.86,25833189.38,direct,
1652389200,2022-05-12 21:00:00,0.002855,0.01547,0.002624,0.01512,3971189823,20811772.22,direct,
1652392800,2022-05-12 22:00:00,0.01124,0.01484,0.001803,0.002855,7673326949.83,11997041.66,direct,
1652396400,2022-05-12 23:00:00,0.008864,0.01338,0.005395,0.01124,18271493049.57,7793030.26,direct,
1652400000,2022-05-13 00:00:00,0.007588,0.01,0.006292,0.008864,110515623677.12,3632959.56,direct,
1652403600,2022-05-13 01:00:00,0.006257,0.008455,0.005721,0.007588,261087151144.48,889885.87,direct,
1652407200,2022-05-13 02:00:00,0.0082,0.008478,0.006099,0.006257,220396945029.91,925563.72,direct,
1652410800,2022-05-13 03:00:00,0.01483,0.01579,0.008096,0.0082,150951251396.36,2590746.58,direct,
1652414400,2022-05-13 04:00:00,0.01148,0.01687,3.311e-05,0.01483,108409188469.11,3187541.09,direct,
1652418000,2022-05-13 05:00:00,0.009979,0.0119,0.009007,0.01148,39077702741.26,1340725.68,direct,
1652421600,2022-05-13 06:00:00,0.008351,0.01034,2.673e-05,0.009979,35769441190.87,1469879.63,direct,
1652425200,2022-05-13 07:00:00,0.006801,0.008775,0.006624,0.008351,26252319732.19,1038284.56,direct,
1652428800,2022-05-13 08:00:00,0.008949,0.008969,0.006616,0.006801,243907361286.41,2716987.28,direct,
1652432400,2022-05-13 09:00:00,0.008469,0.00935,0.006884,0.008949,90474764825.85,1269852.38,direct,
1652436000,2022-05-13 10:00:00,0.0112,0.01343,0.007901,0.008469,47690493144.48,855137.07,direct,
1652439600,2022-05-13 11:00:00,0.008695,0.01171,0.008079,0.0112,54115455684.93,1053424.33,direct,
1652443200,2022-05-13 12:00:00,0.009257,0.01214,0.007414,0.008695,53888554320.06,1352858.89,direct,
1652446800,2022-05-13 13:00:00,0.008158,0.01118,0.008158,0.009257,59192870768.78,1583018.88,direct,
1652450400,2022-05-13 14:00:00,4.709e-05,0.0137,3.194e-05,0.008158,203429996786.52,10677238.6,direct,
1652454000,2022-05-13 15:00:00,4.299e-05,0.01603,3.208e-05,4.709e-05,112415046179.85,5117825.95,direct,
1652457600,2022-05-13 16:00:00,0.0001233,0.02787,4.222e-05,4.299e-05,215650304929.06,17055324.15,direct,
1652461200,2022-05-13 17:00:00,6.285e-05,0.02871,5.323e-05,0.0001233,168199512010.71,15536376.6,direct,
1652464800,2022-05-13 18:00:00,0.01733,0.02677,5.925e-05,6.285e-05,66739927371.56,5242302.1,direct,
1652468400,2022-05-13 19:00:00,7.728e-05,0.02446,5.576e-05,0.01733,51931272502.91,3624728.41,direct,
1652472000,2022-05-13 20:00:00,8.572e-05,0.02469,7.074e-05,7.728e-05,42218510410.99,3439559.3,direct,
1652475600,2022-05-13 21:00:00,9.172e-05,0.02475,8.002e-05,8.572e-05,18767922545.2,1797751.92,direct,
1652479200,2022-05-13 22:00:00,0.0001097,0.02434,9.073e-05,9.172e-05,39172986492.56,4312023.66,direct,
1652482800,2022-05-13 23:00:00,0.0001191,0.01711,9.797e-05,0.0001097,33081515916.17,3760834.19,direct,
1652486400,2022-05-14 00:00:00,0.01714,0.01716,8.052e-05,0.0001191,50581101219.49,4807809.47,direct,
