poll_id,title,date,mkr_voted,unique_voters,top_delegate_share_pct
1246,"Atlas Edit Weekly Cycle Proposal - May 12, 2025",2025-05-12T16:00:00.000Z,134055.00307098284,12,54.20632559164136
1247,"SparkLend Ethereum - Adjust DAI Interest Rate Model - May 12, 2025",2025-05-12T16:00:00.000Z,134055.00307098284,12,54.20632559164136
1248,"SparkLend Ethereum - Adjust USDS Interest Rate Model - May 12, 2025",2025-05-12T16:00:00.000Z,134055.00307098284,12,54.20632559164136
1249,"SparkLend Ethereum - Reduce WBTC Liquidation Threshold - May 12, 2025",2025-05-12T16:00:00.000Z,134055.00307098284,12,54.20632559164136
1250,"Spark Liquidity Layer Mainnet - Increase USDS Mint and USDC Swap Rate Limits - May 12, 2025",2025-05-12T16:00:00.000Z,134055.00307098284,12,54.20632559164136
1251,"Spark Liquidity Layer Mainnet - Increase ALLOCATOR-SPARK-A Maximum Debt Ceiling - May 12, 2025",2025-05-12T16:00:00.000Z,134055.00307098284,12,54.20632559164136
1252,"Spark Liquidity Layer Base - Spark USDC Morpho Vault - Increase cbBTC Pool Supply Cap - May 12, 2025",2025-05-12T16:00:00.000Z,134055.00307098284,12,54.20632559164136
1253,"Spark Liquidity Layer Mainnet and Unichain - Onboard Unichain to the Spark Liquidity Layer - May 12, 2025",2025-05-12T16:00:00.000Z,134055.00307098284,12,54.20632559164136
1254,"Spark Liquidity Layer Mainnet and OP Mainnet - Onboard OP Mainnet to the Spark Liquidity Layer - May 12, 2025",2025-05-12T16:00:00.000Z,134055.00307098284,12,54.20632559164136
1245,"Atlas Edit Weekly Cycle Proposal - May 5, 2025",2025-05-05T16:00:00.000Z,134258.93976277317,13,54.12398724802863
1244,"Atlas Edit Weekly Cycle Proposal - April 28, 2025",2025-04-28T16:00:00.000Z,134174.5371576795,12,54.15754097486857
1230,"Atlas Edit Monthly Cycle Proposal (AEP-10) - April 14, 2025",2025-04-14T16:00:00.000Z,134109.2891534896,16,54.17892508630349
1231,"Atlas Edit Monthly Cycle Proposal (AEP-3) - April 14, 2025",2025-04-14T16:00:00.000Z,134109.2891534896,16,54.17892508630349
1232,"Atlas Edit Monthly Cycle Proposal (AEP-8) - April 14, 2025",2025-04-14T16:00:00.000Z,134109.2891534896,16,54.17892508630349
1234,"Atlas Edit Weekly Cycle Proposal - April 21, 2025",2025-04-21T16:00:00.000Z,134109.07391388397,13,54.17901204127327
1235,"Activate STAR2 Liquidity Layer on Mainnet - April 21, 2025",2025-04-21T16:00:00.000Z,134109.07391388397,13,54.17901204127327
1236,"Spark Liquidity Layer Mainnet - Onboard Aave Core USDT - April 21, 2025",2025-04-21T16:00:00.000Z,134109.07391388397,13,54.17901204127327
1237,"Spark Liquidity Layer Mainnet - Onboard SparkLend USDT - April 21, 2025",2025-04-21T16:00:00.000Z,134109.07391388397,13,54.17901204127327
1238,"SparkLend Ethereum - Adjust USDT Cap Automator Parameters - April 21, 2025",2025-04-21T16:00:00.000Z,134109.07391388397,13,54.17901204127327
1239,"SparkLend Ethereum - Update DAI Interest Rate Model - April 21, 2025",2025-04-21T16:00:00.000Z,134109.07391388397,13,54.17901204127327
1240,"SparkLend Ethereum - Update USDC Interest Rate Model - April 21, 2025",2025-04-21T16:00:00.000Z,134109.07391388397,13,54.17901204127327
1241,"SparkLend Ethereum - Update USDS Interest Rate Model - April 21, 2025",2025-04-21T16:00:00.000Z,134109.07391388397,13,54.17901204127327
1242,"SparkLend Ethereum - Update USDT Interest Rate Model - April 21, 2025",2025-04-21T16:00:00.000Z,134109.07391388397,13,54.17901204127327
1243,"System Parameter Changes - April 21, 2025",2025-04-21T16:00:00.000Z,134109.07391388397,13,54.17901204127327
1233,"Atlas Edit Weekly Cycle Proposal - April 14, 2025",2025-04-14T16:00:00.000Z,133994.84414210173,11,54.27493884783462
1221,"Atlas Edit Weekly Cycle Proposal - April 7, 2025",2025-04-07T16:00:00.000Z,134011.55258417895,10,54.27032366695995
1222,"Spark Liquidity Layer Mainnet - Onboard Curve USDC/USDT Pool - April 7, 2025",2025-04-07T16:00:00.000Z,134011.55258417895,10,54.27032366695995
1223,"Spark Liquidity Layer Mainnet - Onboard Curve sUSDS/USDT Pool - April 7, 2025",2025-04-07T16:00:00.000Z,134011.55258417895,10,54.27032366695995
1224,"Spark Liquidity Layer Mainnet - Onboard SparkLend DAI - April 7, 2025",2025-04-07T16:00:00.000Z,134011.55258417895,10,54.27032366695995
1225,"Spark Liquidity Layer Mainnet, Base, Arbitrum - Upgrade the Spark ALM Controller to v1.4.0 on All Chains - April 7, 2025",2025-04-07T16:00:00.000Z,134011.55258417895,10,54.27032366695995
1226,"SparkLend Mainnet - Add sUSDS to USD E-mode - April 7, 2025",2025-04-07T16:00:00.000Z,134011.55258417895,10,54.27032366695995
1227,"SparkLend Mainnet - Adjust cbBTC and tBTC Interest Rate Models - April 7, 2025",2025-04-07T16:00:00.000Z,134011.55258417895,10,54.27032366695995
1228,"SparkLend Mainnet - Onboard July sUSDe PT to Morpho Spark DAI Vault - April 7, 2025",2025-04-07T16:00:00.000Z,134011.55258417895,10,54.27032366695995
1229,"SparkLend Mainnet - Reduce WBTC LT - April 7, 2025",2025-04-07T16:00:00.000Z,134011.55258417895,10,54.27032366695995
1220,"SparkLend Mainnet - Increase rsETH Supply Cap Gap and Supply Cap Max - March 31, 2025",2025-03-31T16:01:47.000Z,142036.8967820392,10,51.20463862218896
1219,"Spark Liquidity Layer Mainnet - Adjust USDC PSM Swap Rate Limits - March 31, 2025",2025-03-31T16:00:47.000Z,142036.8967820392,10,51.20463862218896
1215,"Atlas Edit Weekly Cycle Proposal - March 31, 2025",2025-03-31T16:00:00.000Z,142037.01215546328,11,51.20459702982936
1216,"Smart Burn Engine Parameter Update - March 31, 2025",2025-03-31T16:00:00.000Z,142037.01215546328,11,51.20459702982936
1217,"SparkLend Mainnet - Update Morpho DAI Vault Supply Caps - March 31, 2025",2025-03-31T16:00:00.000Z,142036.8967820392,10,51.20463862218896
1218,"Spark Liquidity Layer Mainnet - Modify USDS Mint Rate Limits - March 31, 2025",2025-03-31T16:00:00.000Z,142036.8967820392,10,51.20463862218896
1209,"Spark Liquidity Layer - Increase USDC Rate Limit for SparkLend - March 24, 2025",2025-03-24T16:00:00.000Z,142102.9195674967,11,51.138763131639486
1210,"Spark Liquidity Layer Mainnet - Grand Prix - Onboard BlackRock BUIDL-I - March 24, 2025",2025-03-24T16:00:00.000Z,142102.9195674967,11,51.138763131639486
1211,"Spark Liquidity Layer Mainnet - Grand Prix - Onboard Centrifuge JTRSY - March 24, 2025",2025-03-24T16:00:00.000Z,142102.9195674967,11,51.138763131639486
1212,"Spark Liquidity Layer Mainnet - Onboard Maple syrupUSDC - March 24, 2025",2025-03-24T16:00:00.000Z,142102.9195674967,11,51.138763131639486
1213,"Spark Liquidity Layer Mainnet - Grand Prix - Onboard Superstate USTB - March 24, 2025",2025-03-24T16:00:00.000Z,142102.81840083003,10,51.13879953864577
1214,"SparkLend Ethereum - Increase USDC Supply and Borrow Caps - March 24, 2025",2025-03-24T16:00:00.000Z,142102.81840083003,10,51.13879953864577
1207,"Migrate ETH and wstETH Oracles - March 17, 2025",2025-03-17T16:00:00.000Z,142102.54010185672,13,51.138475872345715
1208,"Smart Burn Engine Parameter Update - March 17, 2025",2025-03-17T16:00:00.000Z,142102.54010185672,13,51.138475872345715
1200,"Atlas Edit Weekly Cycle Proposal - March 10, 2025",2025-03-10T16:00:00.000Z,192382.24168649237,11,37.77167776597182
1201,"Spark Liquidity Layer Arbitrum - Onboard Aave USDC - March 10, 2025",2025-03-10T16:00:00.000Z,142382.24168649237,10,51.03585921113416
