tx,block,actor,contract,event,status,day
0x7cee45d919db1a2e6502df32def0066dabf7ceb8738ec2c8636231eed18ed79f,23835151,0x8BEcf1350Ab27c9Bd677fE8Fc9898Bed1D5AD3E3,0xc67963a226eddd77b91ad8c421630a1b0adff270,Take,Error in Txn,2025-11-19
0xebbb030193938da2c532eb3e0696c668ae346b4feb72cd26b85e4f0e1faade1d,23835146,0x8BEcf1350Ab27c9Bd677fE8Fc9898Bed1D5AD3E3,0xc67963a226eddd77b91ad8c421630a1b0adff270,Take,Error in Txn,2025-11-19
0x14f746a8ed31e212ca4941a5de0b68c97a34a9614a2503369c0d1c7c148b5b2b,23821483,0x008Ca3a9C52e0F0d9Ee94d310D20d67399d44f6C,0xc67963a226eddd77b91ad8c421630a1b0adff270,Take,Success,2025-11-17
0x0297c9d3b0343996c329e46e1a52ff7ec1763d4ab82698198a08f32f97c1387b,22215757,0xeD96C177eB097d9C6B547116262391D36947eC81,0xc67963a226eddd77b91ad8c421630a1b0adff270,Take,Success,2025-04-07
0x9e39e12d4b33f4e7e8854f2f7372d40c879f2aff14a5c18105d1562e33d65895,22215755,0xDF97Ef436d81b54E5073e7bA657dAe054c475f7b,0xc67963a226eddd77b91ad8c421630a1b0adff270,Take,Success,2025-04-07
0xe1a9905ac3a3d8129a26223683e91769b16ff66b1e03f4aa351b40520611f79c,22215754,0x008Ca3a9C52e0F0d9Ee94d310D20d67399d44f6C,0xc67963a226eddd77b91ad8c421630a1b0adff270,Take,Success,2025-04-07
0x86871627fe43084e01916a90dfedaf171111ac18830d1c841d1c9d1af795c16e,22213123,0x008Ca3a9C52e0F0d9Ee94d310D20d67399d44f6C,0xc67963a226eddd77b91ad8c421630a1b0adff270,Take,Success,2025-04-06
0x2d1b589a9bbf76894c3e887df8d20ed92a84e98a6c2c697407ca513c152b1142,22213118,0xeD96C177eB097d9C6B547116262391D36947eC81,0xc67963a226eddd77b91ad8c421630a1b0adff270,Take,Success,2025-04-06
0x354f7185b930e763e04e89c1c671bdcc74dc86e12bac31b8d076054e7b39ecea,22213118,0xB282081B2681ba4eb2899c2722EeEF0a98515b98,0xc67963a226eddd77b91ad8c421630a1b0adff270,Take,Success,2025-04-06
0x839bc029f1807b590be0d4412677c6dea5f164b2a3155bc84cae0e46f25f85fa,22213117,0x38538384547efDE883ed2B623CaD1EC9A6A92c72,0xc67963a226eddd77b91ad8c421630a1b0adff270,Take,Success,2025-04-06
0x85c6d5cf453d898f19313a13d477b44ae79f059008789c42d2b7cd2c06c16a39,22213077,0xeD96C177eB097d9C6B547116262391D36947eC81,0xc67963a226eddd77b91ad8c421630a1b0adff270,Take,Error in Txn,2025-04-06
0x3c58dc8bb5289084b9993db0079b5856b013d7b2e12679184ec352ab28c996f2,22213031,0x38538384547efDE883ed2B623CaD1EC9A6A92c72,0xc67963a226eddd77b91ad8c421630a1b0adff270,Take,Error in Txn,2025-04-06
0x6259957248f73252e9a93109484900664bdfe793eb482e634f1724c6516890c3,22213030,0xeD96C177eB097d9C6B547116262391D36947eC81,0xc67963a226eddd77b91ad8c421630a1b0adff270,Take,Error in Txn,2025-04-06
0x4540e61145e57d0ff18ea580fc153451fe69466ca37f1365d64e8fad41807884,22213020,0xF078969E55caBF9AE3f26afeB5EC627B4430f19E,0xc67963a226eddd77b91ad8c421630a1b0adff270,Take,Success,2025-04-06
0x7cd565f246340f6a08e2bed223bf62ae2e1b412ab5e03be0401379fb2338abe4,22213017,0x38538384547efDE883ed2B623CaD1EC9A6A92c72,0xc67963a226eddd77b91ad8c421630a1b0adff270,Take,Success,2025-04-06
0x561cd257b5232b8567b0f557ac550d305dd15a8b7dfbb9771efd46b2f556dac1,22213017,0x6b27a8AB1bf2F169F694C122CF0c5B0e832AB46a,0xc67963a226eddd77b91ad8c421630a1b0adff270,Take,Success,2025-04-06
0xaf20eb542e7dfba49ca642981f1d42c3c8169c5edad7446c3d574c92b2115d92,22213015,0xeD96C177eB097d9C6B547116262391D36947eC81,0xc67963a226eddd77b91ad8c421630a1b0adff270,Take,Success,2025-04-06
0x8349308a1ca8f382b21ebb86b2886569dced9782d74f2acc1b34e64486ce7c82,22213012,0xF078969E55caBF9AE3f26afeB5EC627B4430f19E,0xc67963a226eddd77b91ad8c421630a1b0adff270,Take,Success,2025-04-06
0xb9fdec3529d743c633261b7aac216b61c398e0956ac3b0c5cfb513e2f20cde4d,22212789,0xF078969E55caBF9AE3f26afeB5EC627B4430f19E,0xc67963a226eddd77b91ad8c421630a1b0adff270,Take,Success,2025-04-06
0xa7f5c46248508e1977c08807cdc120b3f5e10b2a72a04eaf3c47765c14815385,22211917,0x8BEcf1350Ab27c9Bd677fE8Fc9898Bed1D5AD3E3,0xc67963a226eddd77b91ad8c421630a1b0adff270,Take,Success,2025-04-06
0xfef479849ccb95c47f12cffab305c563b78dbfdd136070f44d8234821ca09157,22188915,0x8BEcf1350Ab27c9Bd677fE8Fc9898Bed1D5AD3E3,0xc67963a226eddd77b91ad8c421630a1b0adff270,Take,Error in Txn,2025-04-03
0xcee41e40898a10309571f93328537308b28fe823b5219f8fed801eebd4152c86,22161749,0x8BEcf1350Ab27c9Bd677fE8Fc9898Bed1D5AD3E3,0xc67963a226eddd77b91ad8c421630a1b0adff270,Take,Error in Txn,2025-03-30
0xe434414ec415301e9707e942299b1394a6d86b6d62ccad9a49d65f87d0a5398f,22133410,0x8BEcf1350Ab27c9Bd677fE8Fc9898Bed1D5AD3E3,0xc67963a226eddd77b91ad8c421630a1b0adff270,Take,Error in Txn,2025-03-26
0x2cf038813fe204ad9e0c9053c0d35d8cd035e5a01bee6b00b56bbc80b35f3d90,21975231,0x8BEcf1350Ab27c9Bd677fE8Fc9898Bed1D5AD3E3,0xc67963a226eddd77b91ad8c421630a1b0adff270,Take,Success,2025-03-04
0xf6a1ee20f8a896de553ddd81d53ce2e24fda999b11e1d9876d340f7a8383a789,20457212,0x8BEcf1350Ab27c9Bd677fE8Fc9898Bed1D5AD3E3,0xc67963a226eddd77b91ad8c421630a1b0adff270,Take,Error in Txn,2024-08-04
0x0f2145d3801f6f82e1fa94f38b0d78a0184bebeefe6c216718c6e1054aaa99ce,17937708,0x008Ca3a9C52e0F0d9Ee94d310D20d67399d44f6C,0xc67963a226eddd77b91ad8c421630a1b0adff270,Take,Success,2023-08-17
0x4556fd194c4170e259733fc360a328c4a4d0932adf860330a65206963b001624,16750580,0x8BEcf1350Ab27c9Bd677fE8Fc9898Bed1D5AD3E3,0xc67963a226eddd77b91ad8c421630a1b0adff270,Take,Success,2023-03-03
0xfcacffec58ca8f7410674af4458016ac138a991294d78d77bcd7ab96e5793ebc,16196897,0x2C875e84F2f100562B44A3797Aed32Ffc162E91e,0xc67963a226eddd77b91ad8c421630a1b0adff270,Take,Success,2022-12-16
0xeb1410e3d40f59457f3d57acc64330803665b9fac7629e9363ce57ca1a8af42c,15935678,0xCcCEfA3A442fb16469e00C294752e8EB5e38b939,0xc67963a226eddd77b91ad8c421630a1b0adff270,Take,Success,2022-11-09
0x35ba20665e80309fa7646082c222f004241e0a123275401c9ade301efb5578b3,15930024,0x55b7969dCE63163d92E8b88722c216EC46c041f3,0xc67963a226eddd77b91ad8c421630a1b0adff270,Take,Success,2022-11-09
0x4771bd2780da20e337df44e6f26d6f0405f9da01429cd5549f7a8c1b76ac665b,15930023,0xCcCEfA3A442fb16469e00C294752e8EB5e38b939,0xc67963a226eddd77b91ad8c421630a1b0adff270,Take,Success,2022-11-09
0x5b3a80b2f1d8eca2262cec66f8c54740e4cd98e82807d3eb3addeec3804152a9,14987417,0x7Ed42c3C85871b33f4D7495b8826C3483F217CC2,0xc67963a226eddd77b91ad8c421630a1b0adff270,Take,Error in Txn,2022-06-18
0x3765a9fa1b7126e0dc6562e6b62e158f7f5d049469df5636beef2e227b53dd7f,14987416,0x7Ed42c3C85871b33f4D7495b8826C3483F217CC2,0xc67963a226eddd77b91ad8c421630a1b0adff270,Take,Success,2022-06-18
0x65d910d4f40e6e521a64c8a08449f2d92ff2a72346faf5d63ea58e470f1ed8bf,14987416,0x7Ed42c3C85871b33f4D7495b8826C3483F217CC2,0xc67963a226eddd77b91ad8c421630a1b0adff270,Take,Error in Txn,2022-06-18
0xc0fb03a893f524e909c3b80b48bebfe9b9fbd4ff7f2fd3e5fcee2a54eab5a082,14987415,0x7Ed42c3C85871b33f4D7495b8826C3483F217CC2,0xc67963a226eddd77b91ad8c421630a1b0adff270,Take,Success,2022-06-18
0xa7f95636884d47124176af617574edc5089d40774fc7d8f7f59c61c193538463,14987411,0x008Ca3a9C52e0F0d9Ee94d310D20d67399d44f6C,0xc67963a226eddd77b91ad8c421630a1b0adff270,Take,Success,2022-06-18
0x3ae364663d1dd486057e9fec0ec397c26179fe2450f3b5c0a13803627db91762,14987411,0x008Ca3a9C52e0F0d9Ee94d310D20d67399d44f6C,0xc67963a226eddd77b91ad8c421630a1b0adff270,Take,Success,2022-06-18
0x5278a12a182489f5a5dd85cfd5817fc5acb69b7d16bdb29a1f8218abe5ed869c,14987410,0x008Ca3a9C52e0F0d9Ee94d310D20d67399d44f6C,0xc67963a226eddd77b91ad8c421630a1b0adff270,Take,Success,2022-06-18
0x3fae2041e848a9a120e12092711f4e933def37fd556d8fb43b954d68b00b8069,14987410,0x008Ca3a9C52e0F0d9Ee94d310D20d67399d44f6C,0xc67963a226eddd77b91ad8c421630a1b0adff270,Take,Error in Txn,2022-06-18
0x3826ecfd12dc8628bab208bb960ea41628b244ba2dd3b0a68c9b97a8ebb53d64,14987402,0x066d6053a177d1771c5806A1196549949C764a4B,0xc67963a226eddd77b91ad8c421630a1b0adff270,Take,Error in Txn,2022-06-18
0xe60b490adfbdccbe9aa85b7fda2abf2a5ffbd52c8c70a5710c5f15f4099bec57,14987193,0x007e31eAae82c452b121d93248092Ba926d625eF,0xc67963a226eddd77b91ad8c421630a1b0adff270,Take,Error in Txn,2022-06-18
0xa3ad789758c5452a5e224b9a575a314767b7efa260c28a35478e7f661cd4df44,14987193,0x7Ed42c3C85871b33f4D7495b8826C3483F217CC2,0xc67963a226eddd77b91ad8c421630a1b0adff270,Take,Error in Txn,2022-06-18
0x2e242a2edaf118fa2c4155b6f818c61caf02b78f3c223c00380085e0b76998ad,14987192,0x007e31eAae82c452b121d93248092Ba926d625eF,0xc67963a226eddd77b91ad8c421630a1b0adff270,Take,Success,2022-06-18
0x6f7dbd671aec09747f2f2c30ad0baf8796999b6913718956e09ffe7c7fe9a24a,14987192,0x7Ed42c3C85871b33f4D7495b8826C3483F217CC2,0xc67963a226eddd77b91ad8c421630a1b0adff270,Take,Success,2022-06-18
0xe072ec92e5bd26f6fe6f701ef033819d9f355fe03dce4e6079c0d4ef43600dd4,14987191,0x007e31eAae82c452b121d93248092Ba926d625eF,0xc67963a226eddd77b91ad8c421630a1b0adff270,Take,Success,2022-06-18
0x7b781b26ebd776907834026d70354e3e84918acc974c81f299b8c230a7ae3a86,14987187,0xCcCEfA3A442fb16469e00C294752e8EB5e38b939,0xc67963a226eddd77b91ad8c421630a1b0adff270,Take,Success,2022-06-18
0x8aa49e0a5a42004e37087f1d628e2b0ce8da2154374e130a04e791c214d42a39,14987186,0x56E74C24E339af1d779B8651617a115327Eb5C0C,0xc67963a226eddd77b91ad8c421630a1b0adff270,Take,Success,2022-06-18
0xe2c30349bf878a070b7a7d94336f1d26577a2c7231f799ca809ab30eb2721adb,14987186,0x066d6053a177d1771c5806A1196549949C764a4B,0xc67963a226eddd77b91ad8c421630a1b0adff270,Take,Error in Txn,2022-06-18
0x2dd97982b52135f1cd71101cc86cff10100704d209a66f63823dcc99094ee243,14987186,0x008Ca3a9C52e0F0d9Ee94d310D20d67399d44f6C,0xc67963a226eddd77b91ad8c421630a1b0adff270,Take,Success,2022-06-18
0x1d69395b522551fed704fc5b6b634fcf3a819023e4112bbaeab05e64a50e3878,14987185,0x066d6053a177d1771c5806A1196549949C764a4B,0xc67963a226eddd77b91ad8c421630a1b0adff270,Take,Error in Txn,2022-06-18
0xcf12bdc0c35561ec73a4706f57c84185f935552f007018c2dbe5871f95b8e71a,14986995,0x7Ed42c3C85871b33f4D7495b8826C3483F217CC2,0xc67963a226eddd77b91ad8c421630a1b0adff270,Take,Error in Txn,2022-06-18
0x4ab5639dc03901ed3f1162747682c7104cfbf0ff88efe94b36149eaa79c3f5cb,14986995,0x007e31eAae82c452b121d93248092Ba926d625eF,0xc67963a226eddd77b91ad8c421630a1b0adff270,Take,Success,2022-06-18
0xa66a1cd142347e04cba7ce3a368d6a9fc045736f64a78c14631f1f36044d05d2,14986989,0x7Ed42c3C85871b33f4D7495b8826C3483F217CC2,0xc67963a226eddd77b91ad8c421630a1b0adff270,Take,Success,2022-06-18
0x7835b5952447337aeffd1fcabaff2c87e029ec374143aaf00b274e1ffb54bd97,14986988,0x008Ca3a9C52e0F0d9Ee94d310D20d67399d44f6C,0xc67963a226eddd77b91ad8c421630a1b0adff270,Take,Success,2022-06-18
0xd13f1aec032797970c31fea16cae0beed12cce4d268d40e0f29324f2ccaecaba,14986986,0x008Ca3a9C52e0F0d9Ee94d310D20d67399d44f6C,0xc67963a226eddd77b91ad8c421630a1b0adff270,Take,Success,2022-06-18
0x00d8a1c6568bcba22c59518eef774eb7650f791ab09fd2e6f3d47d1998ca6b35,14986979,0x066d6053a177d1771c5806A1196549949C764a4B,0xc67963a226eddd77b91ad8c421630a1b0adff270,Take,Success,2022-06-18
0x4c909a9ed249cbcb699162500f99e74b0f40ab5b6f84fafd6431a7c7bbe655b5,14986974,0x008Ca3a9C52e0F0d9Ee94d310D20d67399d44f6C,0xc67963a226eddd77b91ad8c421630a1b0adff270,Take,Error in Txn,2022-06-18
0x2cf7e860d8ab2c774973afe7124d23da221c027966fac7270884053b4e27e3a4,14986202,0xbE9064c409224D858F5fb12A5D3E8e417d9e28b7,0xc67963a226eddd77b91ad8c421630a1b0adff270,Take,Error in Txn,2022-06-18
0xbe59808d944b2b9b7f3fb60c80824a12d5ebadf750c0f0ee7379f74dc9b6c262,14986202,0xCcCEfA3A442fb16469e00C294752e8EB5e38b939,0xc67963a226eddd77b91ad8c421630a1b0adff270,Take,Success,2022-06-18
0x7e8747f68537c2eb99dce31aef0b86ecc8be0961d90d614ceabeb5e47dd31984,14984483,0xCcCEfA3A442fb16469e00C294752e8EB5e38b939,0xc67963a226eddd77b91ad8c421630a1b0adff270,Take,Error in Txn,2022-06-18
0x716e738aef63db9c85dc9f9dc88b6b70e426557e155544f0190640354d14aba7,14984483,0x55b7969dCE63163d92E8b88722c216EC46c041f3,0xc67963a226eddd77b91ad8c421630a1b0adff270,Take,Success,2022-06-18
0x1b69523df08d331618e6ddf0831a77c54259fd90b3d93a3723325d5166a3cf89,14984481,0xB2E1284Fb685dbDcc4378cF5d4E9515679527a42,0xc67963a226eddd77b91ad8c421630a1b0adff270,Take,Error in Txn,2022-06-18
0xeab3d45718ec6254efb95733985f4f87c8db380d8aebf680b7fd9b25f6672ae6,14984481,0xCcCEfA3A442fb16469e00C294752e8EB5e38b939,0xc67963a226eddd77b91ad8c421630a1b0adff270,Take,Error in Txn,2022-06-18
0x849963e51d12c08d6fe9eaf894961c2c5a9ac67f36bf0de49ca271dd6e9b22d0,14984480,0xCcCEfA3A442fb16469e00C294752e8EB5e38b939,0xc67963a226eddd77b91ad8c421630a1b0adff270,Take,Error in Txn,2022-06-18
0x0d73b67008ef120b3561f1461e49de21b9bbc05528a7109454b58411520c62c6,14984479,0xCcCEfA3A442fb16469e00C294752e8EB5e38b939,0xc67963a226eddd77b91ad8c421630a1b0adff270,Take,Success,2022-06-18
0x446769c6a16532e6a9e8a6296bf1c4647108bc08da175e20eb27b3e0295cea0f,14984003,0x55b7969dCE63163d92E8b88722c216EC46c041f3,0xc67963a226eddd77b91ad8c421630a1b0adff270,Take,Success,2022-06-18
0xb849cf03900606c07f691f2734ba29ab25d110f132ff55b6c5cd81a18785f470,14984001,0x55b7969dCE63163d92E8b88722c216EC46c041f3,0xc67963a226eddd77b91ad8c421630a1b0adff270,Take,Error in Txn,2022-06-18
0x9587b5fa5cddb080d3ec2d95d137e28c153e45189fc95d9b21ca26e676f47fd8,14966818,0xCcCEfA3A442fb16469e00C294752e8EB5e38b939,0xc67963a226eddd77b91ad8c421630a1b0adff270,Take,Error in Txn,2022-06-15
0xb7a246126b72835b8764f638b0c93bad50c14d013587e5effe4a1f93ae0406d0,14966817,0x008Ca3a9C52e0F0d9Ee94d310D20d67399d44f6C,0xc67963a226eddd77b91ad8c421630a1b0adff270,Take,Success,2022-06-15
0xa8764223ed387dd032366f02dfb07c9fb59334f4e13f350096c07bdb90ce7e54,14966817,0x008Ca3a9C52e0F0d9Ee94d310D20d67399d44f6C,0xc67963a226eddd77b91ad8c421630a1b0adff270,Take,Error in Txn,2022-06-15
0xb2809550131d6f7b206695f0fef4925dad96ab5e8bfd3e42d1521e706f4e249c,14959601,0x79AEbA95B3B6E3E9dF374f163a4AC1edbd6eC628,0xc67963a226eddd77b91ad8c421630a1b0adff270,Take,Error in Txn,2022-06-14
0xf0b6725066ae60a16f3e4aeba8d58acdedc53ca1c2288134a1c51436978fd626,14959601,0x99b02491Fd1A9a7A97a31d046767c08D5cCc9A1d,0xc67963a226eddd77b91ad8c421630a1b0adff270,Take,Error in Txn,2022-06-14
0x954342718b5c473b545f2ea362043dd7d9503dcd9817bd4c3c1d353b59cd8760,14959600,0xbE9064c409224D858F5fb12A5D3E8e417d9e28b7,0xc67963a226eddd77b91ad8c421630a1b0adff270,Take,Error in Txn,2022-06-14
0x44090d7d33dc31cf8487dc7ea8f7fe0947be8b1a9fa36fdb56ed4162d292a0db,14959599,0x55b7969dCE63163d92E8b88722c216EC46c041f3,0xc67963a226eddd77b91ad8c421630a1b0adff270,Take,Success,2022-06-14
0x6b74a07040d1f818c103ccf3fb94e50f07dd2c35746d908a35e2024d63342829,14959599,0xbE9064c409224D858F5fb12A5D3E8e417d9e28b7,0xc67963a226eddd77b91ad8c421630a1b0adff270,Take,Success,2022-06-14
0x78e51d23e6d0e7762f76d9f501941bf32f3b5d2e2c8c4e3ae9793b15ccf33594,14959598,0x99b02491Fd1A9a7A97a31d046767c08D5cCc9A1d,0xc67963a226eddd77b91ad8c421630a1b0adff270,Take,Error in Txn,2022-06-14
0x4adc693d021f739066de77ac1d55d88a3d0be097fc3e1ebd46f27b26100eb1a3,14959597,0x42DbF634c256acd17beDDC1330488F1BEa7B8BDf,0xc67963a226eddd77b91ad8c421630a1b0adff270,Take,Success,2022-06-14
0xc4c2653fee8592e4e0d4d3285a87f831d465e46e1dcb33bac88a04f601b3a068,14959442,0x99b02491Fd1A9a7A97a31d046767c08D5cCc9A1d,0xc67963a226eddd77b91ad8c421630a1b0adff270,Take,Error in Txn,2022-06-14
0x9570c136a72655d11818f43d0ce886181debef72088f5b6f186791c21532e25f,14956201,0x008Ca3a9C52e0F0d9Ee94d310D20d67399d44f6C,0xc67963a226eddd77b91ad8c421630a1b0adff270,Take,Error in Txn,2022-06-13
0x9eef815d1cdd602139d299084ea04cc6a42956f55ce5bdd33d27e1c87a8ada4c,14956201,0x008Ca3a9C52e0F0d9Ee94d310D20d67399d44f6C,0xc67963a226eddd77b91ad8c421630a1b0adff270,Take,Success,2022-06-13
0x868b65491efa7ac1cd73979f76e31d86348c0bfbf101c06b27dfae25ac9c0f1d,14956200,0x008Ca3a9C52e0F0d9Ee94d310D20d67399d44f6C,0xc67963a226eddd77b91ad8c421630a1b0adff270,Take,Success,2022-06-13
0xbf820a1ef64fffb807c8bb910c8c5c628b82c66c886b57a8f8d20e44fda7099b,14956200,0x008Ca3a9C52e0F0d9Ee94d310D20d67399d44f6C,0xc67963a226eddd77b91ad8c421630a1b0adff270,Take,Error in Txn,2022-06-13
0xb996792c4a5b4822401ed5bdbb609a6f4600c068431dd350b5c258f9e7423310,14956200,0x008Ca3a9C52e0F0d9Ee94d310D20d67399d44f6C,0xc67963a226eddd77b91ad8c421630a1b0adff270,Take,Success,2022-06-13
0x26a39503ba24c0341e29291165c242d2a6cd091b1acfddd5bcb7c739a910dd54,14956200,0x008Ca3a9C52e0F0d9Ee94d310D20d67399d44f6C,0xc67963a226eddd77b91ad8c421630a1b0adff270,Take,Success,2022-06-13
0x95c62a0e027cec00e36459001c41eaff36d7215c787a023e0287349f7ffaca06,14956200,0x008Ca3a9C52e0F0d9Ee94d310D20d67399d44f6C,0xc67963a226eddd77b91ad8c421630a1b0adff270,Take,Success,2022-06-13
0xd9e44ee34e1ac83a12489d3c7bae047ebc88f1db03dbabbf7b3257a849904cda,14956200,0x008Ca3a9C52e0F0d9Ee94d310D20d67399d44f6C,0xc67963a226eddd77b91ad8c421630a1b0adff270,Take,Success,2022-06-13
0xab047c8fde12fb87a178b829649f71d07e52893a364454b3e95d3d646b005a8e,14956200,0x0dF9490d983c890933167E9be97ffE3D4D6893Ad,0xc67963a226eddd77b91ad8c421630a1b0adff270,Take,Error in Txn,2022-06-13
0x0e27b26749bcb4103da0eb4a2b8bae02bcb3dcbef86ed776569784a70b7d50e2,14956200,0x0dF9490d983c890933167E9be97ffE3D4D6893Ad,0xc67963a226eddd77b91ad8c421630a1b0adff270,Take,Error in Txn,2022-06-13
0x91bdb360a6bd88fe72dce8a86ee7f6470ca08bb614b8fe379026b1fa9dc4a8e6,14955724,0xcD40532686B94aBc88b06B9705AAcBc14c8364D6,0xc67963a226eddd77b91ad8c421630a1b0adff270,Take,Success,2022-06-13
0xed5247d416eb1fc069591a4b46d4140667ec36f5f8743a89af0b3240ad20e271,14955522,0x0EB4ADD4bA497357546DA7F5D12D39587cA24606,0xc67963a226eddd77b91ad8c421630a1b0adff270,Take,Error in Txn,2022-06-13
0xddaafcd8d53da12432d599f854087d7ec1a044b7d19c1b84e833eec85b0ce458,14955518,0x008Ca3a9C52e0F0d9Ee94d310D20d67399d44f6C,0xc67963a226eddd77b91ad8c421630a1b0adff270,Take,Success,2022-06-13
0x29213b99d3d673b819771f3df3ee6ca2584103183f0c0d7567c1e50fad1bae49,14955517,0x0EB4ADD4bA497357546DA7F5D12D39587cA24606,0xc67963a226eddd77b91ad8c421630a1b0adff270,Take,Error in Txn,2022-06-13
0xda5c6d9075b288f9bd099a513daa8fe70d222bd92a60cc8dc8ef877cd9679264,14955517,0x008Ca3a9C52e0F0d9Ee94d310D20d67399d44f6C,0xc67963a226eddd77b91ad8c421630a1b0adff270,Take,Success,2022-06-13
0xba12a8754522cce5c3d5df03928130993826d0a63d5a89b17e9017500aef62bb,14955517,0x008Ca3a9C52e0F0d9Ee94d310D20d67399d44f6C,0xc67963a226eddd77b91ad8c421630a1b0adff270,Take,Error in Txn,2022-06-13
0xcb86c8949a35fa39e89e08b4ed4dcf26536bf568daa403ba755b2b2425911306,14955517,0x008Ca3a9C52e0F0d9Ee94d310D20d67399d44f6C,0xc67963a226eddd77b91ad8c421630a1b0adff270,Take,Success,2022-06-13
0x51e2bfa339ee3e83a26d473d5252d3dbf1e3e37452c8cc303abe295067646abd,14955517,0x0dF9490d983c890933167E9be97ffE3D4D6893Ad,0xc67963a226eddd77b91ad8c421630a1b0adff270,Take,Success,2022-06-13
0x2b025aabf655910a65f2f804b4c7a12f748a14d30193790fd4fafd1d0a2cfeed,14955517,0xCcCEfA3A442fb16469e00C294752e8EB5e38b939,0xc67963a226eddd77b91ad8c421630a1b0adff270,Take,Error in Txn,2022-06-13
0x96cecd7e05a8d280854acfd3a00877b73e4edd60e1ff520d92b629164e6564dc,14955516,0xa7888F85BD76deeF3Bd03d4DbCF57765a49883b3,0xc67963a226eddd77b91ad8c421630a1b0adff270,Take,Error in Txn,2022-06-13
0xad9964bdf1ba19044be9e9c4f16b1a51c619f28e057b341908993f5c7efa095b,14955516,0x008Ca3a9C52e0F0d9Ee94d310D20d67399d44f6C,0xc67963a226eddd77b91ad8c421630a1b0adff270,Take,Error in Txn,2022-06-13
0x399a9bd2dd8fe49027835d918d4d1aeacc4e12dc3a45f261f06a730966d9ec42,14955276,0xCcCEfA3A442fb16469e00C294752e8EB5e38b939,0xc67963a226eddd77b91ad8c421630a1b0adff270,Take,Success,2022-06-13
